rung,label,score,tag,subset,auc,ci_lo,ci_hi,n_tampered,n_authentic,selected_on_heldout,auc_sd
1,ELA,area,all,all,0.605205,0.590896,0.618482,1822,7491,0,
2,ELA + MRF,area,all,all,0.533431,0.52025,0.546599,1822,7491,0,
1,ELA,area,all,jpeg,0.604444,0.587177,0.621199,1092,7437,0,
2,ELA + MRF,area,all,jpeg,0.532726,0.515941,0.54906,1092,7437,0,
4,U-Net,area,t0v1,all,0.649391,0.620567,0.67886,364,1000,0,
5,U-Net + MRF,area,t0v1,all,0.723944,0.696702,0.750372,364,1000,0,
4,U-Net,prob_max,t0v1,all,0.940334,0.92643,0.953319,364,1000,1,
4,U-Net,area,t0v2,all,0.696268,0.668964,0.724068,364,1000,0,
5,U-Net + MRF,area,t0v2,all,0.720867,0.694263,0.748977,364,1000,0,
4,U-Net,prob_max,t0v2,all,0.959691,0.947054,0.971085,364,1000,1,
4,U-Net,area,t0v3,all,0.476845,0.446162,0.508313,364,1000,0,
5,U-Net + MRF,area,t0v3,all,0.524397,0.49273,0.554754,364,1000,0,
4,U-Net,prob_max,t0v3,all,0.942368,0.924785,0.957303,364,1000,1,
4,U-Net,area,t0v4,all,0.624769,0.595264,0.655426,364,1000,0,
5,U-Net + MRF,area,t0v4,all,0.684246,0.655332,0.711865,364,1000,0,
4,U-Net,prob_max,t0v4,all,0.944996,0.92877,0.959559,364,1000,1,
4,U-Net,area,t1v0,all,0.525386,0.492989,0.557908,364,1000,0,
5,U-Net + MRF,area,t1v0,all,0.608043,0.577108,0.638372,364,1000,0,
4,U-Net,prob_max,t1v0,all,0.918232,0.89752,0.936065,364,1000,1,
4,U-Net,area,t1v2,all,0.648729,0.619424,0.678835,364,1000,0,
5,U-Net + MRF,area,t1v2,all,0.737261,0.711868,0.763641,364,1000,0,
4,U-Net,prob_max,t1v2,all,0.929435,0.91103,0.946116,364,1000,1,
4,U-Net,area,t1v3,all,0.651074,0.621112,0.680128,364,1000,0,
5,U-Net + MRF,area,t1v3,all,0.708185,0.680672,0.736592,364,1000,0,
4,U-Net,prob_max,t1v3,all,0.960475,0.947051,0.97193,364,1000,1,
4,U-Net,area,t1v4,all,0.720525,0.69251,0.748366,364,1000,0,
5,U-Net + MRF,area,t1v4,all,0.785449,0.7601,0.810727,364,1000,0,
4,U-Net,prob_max,t1v4,all,0.958865,0.94638,0.970256,364,1000,1,
4,U-Net,area,t2v0,all,0.484703,0.452506,0.51757,364,1000,0,
5,U-Net + MRF,area,t2v0,all,0.55826,0.526997,0.58996,364,1000,0,
4,U-Net,prob_max,t2v0,all,0.898141,0.876045,0.918195,364,1000,1,
4,U-Net,area,t2v1,all,0.659295,0.629415,0.689892,364,1000,0,
5,U-Net + MRF,area,t2v1,all,0.720724,0.692976,0.749393,364,1000,0,
4,U-Net,prob_max,t2v1,all,0.930654,0.912946,0.947627,364,1000,1,
4,U-Net,area,t2v3,all,0.728935,0.700428,0.756937,364,1000,0,
5,U-Net + MRF,area,t2v3,all,0.736308,0.70771,0.763428,364,1000,0,
4,U-Net,prob_max,t2v3,all,0.959144,0.947079,0.969962,364,1000,1,
4,U-Net,area,t2v4,all,0.56086,0.528577,0.593234,364,1000,0,
5,U-Net + MRF,area,t2v4,all,0.601271,0.571012,0.632236,364,1000,0,
4,U-Net,prob_max,t2v4,all,0.899093,0.877421,0.917865,364,1000,1,
4,U-Net,area,t3v0,all,0.685637,0.656105,0.716089,365,1000,0,
5,U-Net + MRF,area,t3v0,all,0.74356,0.715329,0.772274,365,1000,0,
4,U-Net,prob_max,t3v0,all,0.955863,0.941545,0.969072,365,1000,1,
4,U-Net,area,t3v1,all,0.472693,0.439846,0.504707,365,1000,0,
5,U-Net + MRF,area,t3v1,all,0.527238,0.496954,0.558407,365,1000,0,
4,U-Net,prob_max,t3v1,all,0.823253,0.794578,0.851884,365,1000,1,
4,U-Net,area,t3v2,all,0.503312,0.471268,0.535984,365,1000,0,
5,U-Net + MRF,area,t3v2,all,0.579581,0.548544,0.611487,365,1000,0,
4,U-Net,prob_max,t3v2,all,0.888855,0.8649,0.911526,365,1000,1,
4,U-Net,area,t3v4,all,0.776514,0.748792,0.801124,365,1000,0,
5,U-Net + MRF,area,t3v4,all,0.826171,0.801549,0.848947,365,1000,0,
4,U-Net,prob_max,t3v4,all,0.946238,0.929366,0.960685,365,1000,1,
4,U-Net,area,t4v0,all,0.693995,0.665579,0.723584,365,1000,0,
5,U-Net + MRF,area,t4v0,all,0.755559,0.727636,0.783212,365,1000,0,
4,U-Net,prob_max,t4v0,all,0.96361,0.951689,0.974273,365,1000,1,
4,U-Net,area,t4v1,all,0.60034,0.56849,0.631238,365,1000,0,
5,U-Net + MRF,area,t4v1,all,0.684415,0.656111,0.712393,365,1000,0,
4,U-Net,prob_max,t4v1,all,0.905121,0.885118,0.92452,365,1000,1,
4,U-Net,area,t4v2,all,0.679948,0.650689,0.711095,365,1000,0,
5,U-Net + MRF,area,t4v2,all,0.735966,0.707497,0.762886,365,1000,0,
4,U-Net,prob_max,t4v2,all,0.941377,0.925373,0.956782,365,1000,1,
4,U-Net,area,t4v3,all,0.625007,0.594848,0.6562,365,1000,0,
5,U-Net + MRF,area,t4v3,all,0.68441,0.655747,0.71224,365,1000,0,
4,U-Net,prob_max,t4v3,all,0.934586,0.918582,0.949204,365,1000,1,
4,U-Net,area,all20,all,0.623211,,,,,0,0.016838
5,U-Net + MRF,area,all20,all,0.682293,,,,,0,0.02511
4,U-Net,held-out choice: prob_max 20/20,all20,all,0.930017,,,,,1,0.015668
