unary,test_fold,val_fold,gain,beta
ELA,0,1,0.019699,8.0
ELA,0,2,0.004247,8.0
ELA,0,3,0.004247,8.0
ELA,0,4,0.013307,16.0
ELA,1,0,0.024649,8.0
ELA,1,2,0.026034,8.0
ELA,1,3,0.026034,8.0
ELA,1,4,0.000829,16.0
ELA,2,0,0.035984,8.0
ELA,2,1,0.035984,8.0
ELA,2,3,0.029558,8.0
ELA,2,4,0.03738,16.0
ELA,3,0,0.023025,8.0
ELA,3,1,0.023025,8.0
ELA,3,2,0.018727,8.0
ELA,3,4,0.026743,16.0
ELA,4,0,0.019769,8.0
ELA,4,1,0.019769,8.0
ELA,4,2,0.004791,8.0
ELA,4,3,0.004791,8.0
U-Net,0,1,0.060011,32.0
U-Net,0,2,0.025514,64.0
U-Net,0,3,0.042677,32.0
U-Net,0,4,0.021815,32.0
U-Net,1,0,0.0494,32.0
U-Net,1,2,0.054187,32.0
U-Net,1,3,0.036229,64.0
U-Net,1,4,0.03497,32.0
U-Net,2,0,0.035931,64.0
U-Net,2,1,0.025378,32.0
U-Net,2,3,0.035113,64.0
U-Net,2,4,0.007144,32.0
U-Net,3,0,0.046909,64.0
U-Net,3,1,0.039828,32.0
U-Net,3,2,0.017724,64.0
U-Net,3,4,0.036432,32.0
U-Net,4,0,0.048216,64.0
U-Net,4,1,0.056496,32.0
U-Net,4,2,0.028287,32.0
U-Net,4,3,-0.002623,64.0
