metric,value
tags,t0v1+t0v2+t0v3+t0v4+t1v0+t1v2+t1v3+t1v4+t2v0+t2v1+t2v3+t2v4+t3v0+t3v1+t3v2+t3v4+t4v0+t4v1+t4v2+t4v3
n_images,7288
band_edges,"3,15"
far_background_fp_removed,22723596
far_interior_filled,4374426
components_rung4,37.20677826564215
components_rung5,0.9611690450054885
spurious_rung4,27.97379253567508
spurious_rung5,0.13885839736553238
f1_mean_rung4,0.684933777599165
f1_mean_rung5,0.5882453697870652
f1_median_rung4,0.8182206004757937
f1_median_rung5,0.805984137419743
frac_below_0p1_rung4,0.07930845225027443
frac_below_0p1_rung5,0.27661909989023054
frac_improved,0.3995609220636663
frac_worsened,0.5819154774972558
