candidate,epoch,weight_norm,non_finite
baseline,1,131.379453,0
baseline,2,247.296078,0
baseline,3,352.085093,0
baseline,4,479.408785,0
baseline,5,722.613773,0
baseline,6,829.059501,0
baseline,7,925.512852,0
baseline,8,920.593019,0
baseline,9,1120.731848,0
baseline,10,1639.07646,0
baseline,11,2139.626502,0
baseline,12,2338.789041,0
baseline,13,1975.675193,0
baseline,14,1051.499574,0
baseline,15,2118.504863,0
baseline,16,2783.702913,0
baseline,17,2462.693848,0
baseline,18,1826.130024,0
baseline,19,2971.514257,0
baseline,20,842.802808,0
baseline,21,181.859738,0
baseline,22,177.268917,0
baseline,23,177.017293,0
baseline,24,167.567367,0
baseline,25,214.312312,0
baseline,26,230.623069,0
baseline,27,236.364697,0
baseline,28,313.913132,0
baseline,29,355.956087,0
baseline,30,515.930863,0
baseline,31,613.320762,0
baseline,32,519.092267,0
baseline,33,628.631389,0
baseline,34,513.771959,0
baseline,35,215.226532,0
baseline,36,269.209404,0
baseline,37,322.063007,0
baseline,38,297.292561,0
baseline,39,398.025392,0
baseline,40,335.527655,0
baseline,41,544.161741,0
baseline,42,633.837342,0
baseline,43,775.65223,0
baseline,44,778.222591,0
baseline,45,476.62348,0
baseline,46,737.067563,0
baseline,47,1007.993758,0
baseline,48,993.651362,0
baseline,49,1245.861433,0
baseline,50,1688.665306,0
baseline,51,1611.921682,0
baseline,52,2024.447949,0
baseline,53,3979.471589,0
baseline,54,4837.552374,0
baseline,55,6079.374209,0
baseline,56,6311.733576,0
baseline,57,7360.095365,0
baseline,58,8372.799652,0
baseline,59,8794.126308,0
baseline,60,9007.541932,0
baseline,61,12660.921775,0
baseline,62,13326.380324,0
baseline,63,13724.754599,0
baseline,64,16770.251081,0
baseline,65,19672.559718,0
baseline,66,23630.512805,0
baseline,67,30846.944171,0
baseline,68,29465.679241,0
baseline,69,30314.897362,0
baseline,70,28110.86824,0
baseline,71,26836.984194,0
baseline,72,25884.263481,0
baseline,73,38126.297953,0
baseline,74,33728.155344,0
baseline,75,31381.190033,0
baseline,76,36285.87674,0
baseline,77,53038.879334,8
baseline,78,55456.464612,98
baseline,79,56973.99948,135
baseline,80,55499.648171,81
baseline,81,61978.698584,250
baseline,82,66785.55826,380
baseline,83,66790.019357,390
baseline,84,67579.544241,390
baseline,85,67983.119273,387
baseline,86,68257.74996,391
baseline,87,68131.837105,391
baseline,88,67735.223204,395
baseline,89,68136.626387,392
baseline,90,67484.553699,392
clip,1,117.639083,0
clip,2,222.342719,0
clip,3,187.704906,0
clip,4,287.747131,0
clip,5,443.133469,0
clip,6,549.479249,0
clip,7,791.430082,0
clip,8,815.830718,0
clip,9,1023.75384,0
clip,10,1113.28786,0
clip,11,1409.053135,0
clip,12,1355.648155,0
clip,13,1359.742713,0
clip,14,1076.148846,0
clip,15,1045.575773,0
clip,16,1047.172735,0
clip,17,949.512303,0
clip,18,901.266779,0
clip,19,1036.721767,0
clip,20,453.859314,0
clip,21,403.295798,0
clip,22,500.089131,0
clip,23,665.829476,0
clip,24,528.900861,0
clip,25,619.696572,0
clip,26,519.265705,0
clip,27,338.526387,0
clip,28,514.444871,0
clip,29,636.586843,0
clip,30,1000.560748,0
clip,31,1145.66229,0
clip,32,930.699238,0
clip,33,1114.612608,0
clip,34,1168.893296,0
clip,35,1439.272772,0
clip,36,1594.621907,0
clip,37,1774.86021,0
clip,38,1896.882088,0
clip,39,2019.049681,0
clip,40,2238.695338,0
clip,41,2397.468141,0
clip,42,2765.438213,0
clip,43,3080.80472,0
clip,44,3029.736059,0
clip,45,3087.379885,0
clip,46,3312.157282,0
clip,47,3807.065801,0
clip,48,4061.687382,0
clip,49,5596.671821,0
clip,50,6651.228298,0
clip,51,7120.678295,0
clip,52,5452.326002,0
clip,53,5904.910434,0
clip,54,5974.356785,0
clip,55,4067.506446,0
clip,56,7810.177256,0
clip,57,9558.732886,0
clip,58,10303.75957,0
clip,59,11239.290237,0
clip,60,12624.752246,0
clip,61,21941.55014,0
clip,62,27707.209548,0
clip,63,30165.698498,0
clip,64,30913.667878,0
clip,65,33707.40679,0
clip,66,37298.847263,0
clip,67,36778.25799,0
clip,68,50454.407792,0
clip,69,49525.770619,0
clip,70,50105.56014,0
clip,71,46847.14159,0
clip,72,49743.694585,0
clip,73,51066.915441,0
clip,74,38713.751559,0
clip,75,50741.164272,0
clip,76,48739.329044,0
clip,77,60275.5526,0
clip,78,55937.377888,0
clip,79,5881.960015,0
clip,80,3273.680473,0
clip,81,3255.98496,0
clip,82,3218.351334,0
clip,83,3572.211244,0
clip,84,4456.17299,0
clip,85,4320.030933,0
clip,86,3639.517242,0
clip,87,1826.662489,0
clip,88,2844.863098,0
clip,89,4137.251114,0
clip,90,5028.704647,0
wd1e-3,1,154.385184,0
wd1e-3,2,215.770229,0
wd1e-3,3,270.756564,0
wd1e-3,4,549.014292,0
wd1e-3,5,940.234816,0
wd1e-3,6,991.405418,0
wd1e-3,7,807.313441,0
wd1e-3,8,493.929971,0
wd1e-3,9,560.189555,0
wd1e-3,10,1081.327645,0
wd1e-3,11,1101.863034,0
wd1e-3,12,1125.408221,0
wd1e-3,13,1078.535008,0
wd1e-3,14,977.019982,0
wd1e-3,15,1588.08611,0
wd1e-3,16,2156.846612,0
wd1e-3,17,1526.415586,0
wd1e-3,18,1460.303526,0
wd1e-3,19,949.779063,0
wd1e-3,20,427.100883,0
wd1e-3,21,441.073742,0
wd1e-3,22,604.434532,0
wd1e-3,23,773.874478,0
wd1e-3,24,742.920544,0
wd1e-3,25,949.696714,0
wd1e-3,26,985.663763,0
wd1e-3,27,1386.53764,0
wd1e-3,28,1783.508357,0
wd1e-3,29,1523.339918,0
wd1e-3,30,2247.536996,0
wd1e-3,31,2404.781846,0
wd1e-3,32,2668.187212,0
wd1e-3,33,3106.475127,0
wd1e-3,34,2604.363107,0
wd1e-3,35,2750.574668,0
wd1e-3,36,2834.147183,0
wd1e-3,37,2222.509848,0
wd1e-3,38,2586.871284,0
wd1e-3,39,3444.456619,0
wd1e-3,40,4011.676688,0
wd1e-3,41,5063.177826,0
wd1e-3,42,5087.407664,0
wd1e-3,43,8096.57497,0
wd1e-3,44,6370.927102,0
wd1e-3,45,8502.756298,0
wd1e-3,46,8032.81319,0
wd1e-3,47,8902.883256,0
wd1e-3,48,8063.462321,0
wd1e-3,49,5405.027869,0
wd1e-3,50,5020.266178,0
wd1e-3,51,3431.491134,0
wd1e-3,52,4687.29496,0
wd1e-3,53,6146.581725,0
wd1e-3,54,11919.42758,0
wd1e-3,55,10716.60153,0
wd1e-3,56,6799.736734,0
wd1e-3,57,8240.078136,0
wd1e-3,58,8667.011989,0
wd1e-3,59,10497.022387,0
wd1e-3,60,14307.518196,0
wd1e-3,61,14137.699303,0
wd1e-3,62,20958.53597,0
wd1e-3,63,18281.791715,0
wd1e-3,64,20664.270264,0
wd1e-3,65,29503.658837,0
wd1e-3,66,31550.140188,0
wd1e-3,67,28817.264005,0
wd1e-3,68,19639.485711,0
wd1e-3,69,9752.989191,0
wd1e-3,70,8753.63496,0
wd1e-3,71,5322.564716,0
wd1e-3,72,7267.898453,0
wd1e-3,73,10174.301141,0
wd1e-3,74,8511.609139,0
wd1e-3,75,7374.697288,0
wd1e-3,76,8198.843671,0
wd1e-3,77,11213.502426,0
wd1e-3,78,11388.938901,0
wd1e-3,79,9645.265844,0
wd1e-3,80,13969.374565,0
wd1e-3,81,17622.981488,0
wd1e-3,82,18095.491703,0
wd1e-3,83,18910.785946,0
wd1e-3,84,15756.934957,0
wd1e-3,85,22746.932491,0
wd1e-3,86,23886.189183,0
wd1e-3,87,18347.559412,0
wd1e-3,88,21399.629836,0
wd1e-3,89,27039.885021,1
wd1e-3,90,41276.132729,10
