test_fold,val_fold,stopped_run_unet,stopped_cache_logits,best_val_run_unet,best_val_cache_logits,f1_run_unet,f1_cache_logits_beta0
0,1,71,37,0.592887,0.638155,0.727408,0.690721
0,2,30,76,0.704438,0.573243,0.635915,0.721647
0,3,24,41,0.768569,0.651147,0.601772,0.700917
0,4,39,48,0.709377,0.615309,0.680791,0.719101
1,0,34,35,0.667763,0.697795,0.714911,0.735035
1,2,61,29,0.588904,0.698417,0.769179,0.693496
1,3,38,65,0.686152,0.598838,0.736693,0.772707
1,4,60,62,0.583892,0.613006,0.767694,0.748567
2,0,45,55,0.682674,0.692323,0.716388,0.717703
2,1,61,73,0.561488,0.524449,0.736746,0.771364
2,3,34,41,0.684456,0.614982,0.68152,0.729955
2,4,53,23,0.610943,0.768298,0.700158,0.609445
3,0,20,64,0.779628,0.600494,0.642366,0.757058
3,1,53,22,0.601261,0.792403,0.702002,0.628512
3,2,30,68,0.731135,0.547739,0.651058,0.707306
3,4,30,75,0.706994,0.595266,0.634455,0.73011
4,0,83,51,0.677168,0.630256,0.760615,0.73796
4,1,29,29,0.702511,0.724106,0.653463,0.635751
4,2,44,78,0.635071,0.575202,0.689556,0.755004
4,3,56,38,0.614735,0.64971,0.755562,0.670267
