image,A_median,B_highpass,C_ratio,D_ratio_colour,E_ela
Tp_D_NNN_M_N_txt00060_txt00061_10186.tif,0.451703,0.379789,0.505404,0.416609,0.668270
Tp_D_NND_M_B_sec00077_txt00059_10387.tif,0.073581,0.092225,0.167697,0.170450,0.034441
Tp_D_NRD_S_N_arc00020_sec00045_11701.jpg,0.477556,0.657064,0.637608,0.633516,0.963782
Tp_D_NRN_S_N_nat10116_cha00086_11371.jpg,0.375888,0.401351,0.444938,0.451623,0.228195
Tp_D_NRN_S_N_cha10108_cha10110_11585.jpg,0.568677,0.476662,0.684591,0.681696,0.539969
Tp_D_NRN_M_N_nat10154_nat10160_12074.jpg,0.288618,0.253640,0.321864,0.324896,0.489065
Tp_D_NNN_S_N_cha00054_cha00029_00374.tif,0.599601,0.602009,0.553019,0.547285,0.996924
Tp_D_NRD_S_O_nat20021_nat20001_01525.tif,0.903939,0.911609,0.354840,0.366193,0.927601
Tp_D_NRN_S_N_ind00020_ind00010_00436.tif,0.396455,0.293852,0.751831,0.731750,0.972318
Tp_D_NNN_M_B_nat10128_nat00099_11537.jpg,0.542424,0.646457,0.900275,0.895878,0.787882
Tp_D_NRN_M_N_nat10164_nat00097_12097.jpg,0.277103,0.298451,0.351685,0.328612,0.326488
Tp_D_NRN_M_N_cha00054_cha00067_11723.jpg,0.431133,0.419346,0.398177,0.391545,0.707683
Tp_D_NRN_S_N_cha10109_ani00017_11588.jpg,0.996268,0.996315,0.685022,0.738021,0.997729
Tp_D_NRN_S_N_nat10123_ani00005_11419.jpg,0.221549,0.266028,0.476104,0.492687,0.343413
Tp_D_CNN_S_N_ani00087_ani00088_10102.tif,0.618566,0.559382,0.435140,0.426304,0.993827
Tp_D_NRN_S_N_ani00045_ani00077_00165.tif,0.763198,0.796520,0.155462,0.151524,0.993940
Tp_D_NRN_S_N_art00013_art00082_11816.jpg,0.672768,0.675369,0.207480,0.186110,0.999294
Tp_D_NNN_S_N_txt00093_txt00095_01299.tif,0.851696,0.847632,0.635506,0.627378,0.998009
Tp_D_NNN_S_N_sec00054_sec00055_00075.tif,0.267747,0.268318,0.274293,0.262341,0.989663
Tp_D_NNN_S_B_arc20098_arc20030_02198.tif,0.680543,0.738336,0.288650,0.282376,0.667881
Tp_D_NRN_M_N_sec00014_cha00052_11401.jpg,0.293556,0.262062,0.307701,0.304918,0.896740
Tp_D_NRD_S_N_cha00091_ani00058_00411.tif,0.796442,0.794935,0.594170,0.632117,0.992931
Tp_D_NRN_S_N_cha10167_cha10208_12368.jpg,0.724966,0.697820,0.429807,0.444270,0.694161
Tp_D_CRN_M_N_art00067_nat00095_11807.jpg,0.574238,0.487406,0.582559,0.592951,0.642282
Tp_D_NND_M_N_nat20025_arc20001_02225.tif,0.648011,0.726233,0.452025,0.478943,0.925662
Tp_D_NNN_M_N_txt00013_txt00019_10847.jpg,0.417422,0.437883,0.270375,0.270718,0.439345
Tp_D_CRN_M_N_ani00069_ani00041_10035.tif,0.748738,0.791109,0.912347,0.928991,0.933328
Tp_D_NNN_S_N_art00058_cha00063_00525.tif,0.257514,0.387568,0.159411,0.138765,0.989982
Tp_D_NRN_S_N_nat00044_ani00005_11435.jpg,0.117220,0.097276,0.532533,0.516358,0.811953
Tp_D_NRN_M_B_nat10122_nat00062_11335.jpg,0.011538,0.002335,0.255124,0.166477,0.025444
Tp_D_NNN_S_N_nat00040_nat00061_11434.jpg,0.105302,0.054211,0.707015,0.689481,0.808319
Tp_D_CNN_S_N_cha10117_nat10124_12167.jpg,0.654643,0.573339,0.866799,0.858634,0.570427
Tp_D_NNN_M_B_nat10128_ani00058_11541.jpg,0.849125,0.815388,0.647120,0.582570,0.620466
Tp_D_NRN_S_N_nat10159_ani00058_12051.jpg,0.697870,0.650168,0.086684,0.078211,0.998160
Tp_D_NNN_S_N_sec00023_sec00022_10805.jpg,0.849754,0.872438,0.329545,0.335614,0.981707
Tp_D_CRD_S_N_ind00005_ind00084_11751.jpg,0.367286,0.543171,0.243344,0.256898,0.897318
Tp_D_NRN_S_B_arc00024_ani00024_20074.jpg,0.391089,0.526179,0.510556,0.514837,0.979606
Tp_D_CRN_S_N_txt00047_txt00048_11320.jpg,0.447687,0.332756,0.943928,0.941538,0.384513
Tp_D_NNN_S_N_nat00041_art00020_11441.jpg,0.933414,0.704956,0.676499,0.676051,0.997211
Tp_D_NRN_S_N_cha00070_cha00036_11737.jpg,0.320462,0.290464,0.574379,0.561059,0.805802
Tp_D_CNN_M_N_ani00052_ani00054_11130.jpg,0.432878,0.451495,0.424625,0.413547,0.890993
Tp_D_NRN_M_N_sec00040_cha00070_11474.jpg,0.551189,0.602041,0.705646,0.697527,0.643272
Tp_D_NRN_M_B_sec00002_nat00062_11397.jpg,0.751015,0.701366,0.548745,0.580803,0.900965
Tp_D_NNN_S_N_ind00019_ind00020_00435.tif,0.421920,0.537988,0.469554,0.468816,0.758277
Tp_D_NNN_S_B_art20064_nat20042_02325.tif,0.566667,0.698298,0.553119,0.616777,0.813896
Tp_D_NNN_S_N_nat00042_nat00034_00961.tif,0.885033,0.482767,0.749811,0.728834,0.897562
Tp_D_NRN_S_N_cha10171_cha00062_12282.jpg,0.202377,0.352911,0.433555,0.443162,0.273051
Tp_D_NRN_M_B_nat00038_cha00072_11459.jpg,0.348459,0.343617,0.213207,0.217378,0.723758
Tp_D_NRN_S_N_ani10215_ani00081_12382.jpg,0.738716,0.683080,0.964192,0.962830,0.839137
Tp_D_NNN_S_B_pla00090_cha00028_00348.tif,0.313540,0.288892,0.440395,0.440593,0.914555
Tp_D_NRN_S_N_nat00063_nat00061_11436.jpg,0.611276,0.485729,0.603224,0.597275,0.646030
Tp_D_NRN_S_N_pla00009_pla00010_10933.jpg,0.404784,0.375229,0.762661,0.754440,0.740966
Tp_D_NRN_M_N_art10107_cha00027_11667.jpg,0.412644,0.483383,0.873152,0.881104,0.356159
Tp_D_NRN_S_B_art00049_cha00063_00521.tif,0.540431,0.503548,0.333731,0.298483,0.991180
Tp_D_NRN_M_N_art10107_art10108_11579.jpg,0.584733,0.630068,0.383443,0.455395,0.511356
Tp_D_NRN_S_N_nat10123_ani00017_11411.jpg,0.259562,0.257204,0.644364,0.724908,0.586054
Tp_D_CNN_S_N_ani00053_ani00051_11148.jpg,0.386642,0.463151,0.441796,0.451087,0.714527
Tp_D_NRN_M_N_ani00095_ani00096_11135.jpg,0.247734,0.266049,0.187533,0.185643,0.787966
Tp_D_CRN_M_N_nat10149_nat00013_12004.jpg,0.548134,0.494544,0.436747,0.398251,0.359307
Tp_D_NRN_S_N_arc00002_arc00045_00018.tif,0.227667,0.327947,0.715495,0.701329,0.999652
Tp_D_NNN_M_N_nat00073_nat00097_11103.jpg,0.476221,0.409420,0.914338,0.915972,0.476247
Tp_D_NRN_M_N_nat10148_nat10142_12125.jpg,0.298839,0.284596,0.340461,0.328665,0.414001
Tp_D_NRN_S_N_pla00021_pla00019_10956.jpg,0.542687,0.557784,0.950637,0.976332,0.987231
Tp_D_NNN_S_B_nat00038_nat00002_00652.tif,0.665932,0.403198,0.336524,0.333156,0.496474
Tp_D_NNN_M_O_sec00039_nat00001_00060.tif,0.771867,0.717272,0.908596,0.893674,0.511941
Tp_D_NNN_M_N_nat00009_nat00013_11092.jpg,0.423485,0.349384,0.300551,0.294714,0.571170
Tp_D_NRN_S_B_arc00074_arc00075_11195.jpg,0.253350,0.232352,0.391924,0.348304,0.473018
Tp_D_NNN_M_N_art00049_cha00026_11789.jpg,0.345574,0.415090,0.287328,0.300065,0.607332
Tp_D_CRN_M_N_ani10117_ani00100_11642.jpg,0.688752,0.616631,0.772638,0.774107,0.680560
Tp_D_CNN_S_N_nat00094_nat00067_10612.jpg,0.782465,0.784613,0.218812,0.208836,0.871911
Tp_D_CRN_M_N_pla00010_pla00020_10001.tif,0.593191,0.552087,0.492464,0.502018,0.961566
Tp_D_CRN_S_N_ind00044_sec00007_00453.tif,0.953114,0.693699,0.341417,0.321723,0.998274
Tp_D_NRN_M_N_nat10142_arc00069_11962.jpg,0.374209,0.305861,0.534762,0.525867,0.400951
Tp_D_NRN_M_N_nat10111_art00021_11467.jpg,0.633068,0.439445,0.665940,0.703364,0.611194
Tp_D_CRN_S_N_arc00078_art00092_11881.jpg,0.915147,0.952480,0.471819,0.468669,0.998006
Tp_D_CRN_S_B_nat00030_arc00029_20104.jpg,0.124150,0.166567,0.597997,0.596257,0.650738
Tp_D_NRN_M_N_nat10136_cha00085_11917.jpg,0.634106,0.594741,0.578747,0.574535,0.491089
Tp_D_NRD_S_N_cha00097_ani00077_00417.tif,0.447443,0.562144,0.592654,0.583221,0.994494
Tp_D_NRN_M_N_art10107_cha00067_11583.jpg,0.558664,0.584482,0.728163,0.771605,0.483606
Tp_D_NNN_S_N_arc20042_arc20039_01495.tif,0.259540,0.296789,0.480194,0.459843,0.361606
Tp_D_NRN_M_O_ani00097_ani00036_10039.tif,0.987226,0.977521,0.893646,0.885906,0.998188
Tp_D_NNN_S_B_ind00070_cha00089_00471.tif,0.534277,0.552080,0.441185,0.456275,0.996713
Tp_D_NNN_M_N_arc00065_nat00097_11453.jpg,0.440157,0.360478,0.725091,0.708009,0.570218
Tp_D_NRN_M_N_cha10133_cha00070_12213.jpg,0.906903,0.820408,0.636375,0.607486,0.756621
Tp_D_NRN_S_N_ani10214_ani10209_12380.jpg,0.725576,0.764811,0.407904,0.353228,0.796899
Tp_D_NRN_S_N_ani10120_ani10119_11610.jpg,0.565171,0.612877,0.526028,0.521275,0.513300
Tp_D_NRN_M_N_nat10144_nat00095_11975.jpg,0.471028,0.462232,0.277280,0.258599,0.421167
Tp_D_NND_M_O_cha00097_txt00033_10171.tif,0.276062,0.320820,0.082135,0.081236,0.447201
Tp_D_NRN_M_N_ind00084_cha00036_11752.jpg,0.313341,0.296243,0.175682,0.174161,0.753616
Tp_D_NRN_S_N_art20028_art20029_01834.tif,0.891707,0.863439,0.758413,0.776163,0.959736
Tp_D_NNN_M_B_cha10198_nat10160_12364.jpg,0.574669,0.476182,0.417735,0.418859,0.599164
Tp_D_NRN_M_N_nat10118_nat10123_11391.jpg,0.415665,0.369192,0.719714,0.708795,0.395504
Tp_D_NNN_S_B_nat00012_ani00031_00632.tif,0.593302,0.750950,0.373052,0.376198,0.966486
Tp_D_NNN_M_N_cha10123_cha10127_12191.jpg,0.888785,0.848319,0.671094,0.701797,0.939502
Tp_D_CRN_S_N_arc00062_ani00005_11499.jpg,0.601286,0.709229,0.626920,0.597522,0.995306
Tp_D_NNN_S_N_ani10218_ani10219_12386.jpg,0.433657,0.523031,0.501025,0.507048,0.514512
Tp_D_NNN_M_N_cha10180_cha00070_12294.jpg,0.384167,0.472039,0.346572,0.420158,0.310760
Tp_D_NNN_S_N_pla00096_ani00031_00617.tif,0.751130,0.730711,0.638549,0.652526,0.756514
Tp_D_NRN_M_N_art00025_cha00029_11680.jpg,0.808479,0.946071,0.623946,0.585683,0.995378
Tp_D_CRN_M_N_nat00002_nat10124_11514.jpg,0.061046,0.059653,0.062844,0.058207,0.298624
Tp_D_NRN_M_O_arc00082_arc00069_10012.tif,0.058958,0.038621,0.243918,0.239216,0.819292
Tp_D_NRN_M_N_sec00064_cha00070_11408.jpg,0.509131,0.573904,0.454497,0.464326,0.872827
Tp_D_NND_S_N_ind00016_ind00017_00432.tif,0.426419,0.310453,0.429381,0.424863,0.607529
Tp_D_CRN_M_N_cha10164_cha00026_12247.jpg,0.683067,0.701105,0.436125,0.446124,0.967314
Tp_D_NRN_M_O_nat00037_cha00062_11385.jpg,0.524050,0.289348,0.739230,0.747018,0.953642
Tp_D_NRN_M_N_nat10144_nat00059_11969.jpg,0.425224,0.450726,0.428104,0.388734,0.567041
Tp_D_NRN_M_N_cha00048_cha00063_10302.tif,0.623330,0.571722,0.590658,0.557324,0.982290
Tp_D_NRD_S_N_art00070_art00092_11822.jpg,0.796873,0.909443,0.771157,0.774382,0.998552
Tp_D_NRN_S_B_arc00059_nat00013_11826.jpg,0.680032,0.777874,0.788788,0.790663,0.764775
Tp_D_NRN_M_N_nat10151_cha00070_12108.jpg,0.764707,0.679982,0.873948,0.880249,0.740522
Tp_D_NRN_S_N_nat00004_ani00081_00624.tif,0.139196,0.123772,0.602310,0.589329,0.615629
Tp_D_NRN_S_N_pla00091_ani00031_00935.tif,0.487834,0.444489,0.557006,0.559627,0.964249
Tp_D_NRN_S_N_pla00015_pla00016_10960.jpg,0.813718,0.823138,0.843266,0.836589,0.999028
Tp_D_NRN_S_N_art00054_ani00005_00523.tif,0.196576,0.666652,0.360344,0.348343,0.994577
Tp_D_NNN_L_N_cha00074_txt00068_10193.tif,0.299187,0.283417,0.292867,0.325451,0.313165
Tp_D_NRN_M_B_nat10155_nat10164_12115.jpg,0.575945,0.450338,0.134593,0.113647,0.508113
Tp_D_NRN_L_N_ani10109_ani10108_10226.tif,0.060618,0.023111,0.518344,0.347836,0.024465
Tp_D_NNN_M_N_nat10103_pla10110_10115.tif,0.661507,0.636350,0.445518,0.448567,0.782621
Tp_D_NRN_S_N_nat20086_nat20082_01590.tif,0.880364,0.804360,0.517263,0.522064,0.925748
Tp_D_NRN_S_O_ani10178_ani10200_12484.jpg,0.905912,0.933590,0.857700,0.868708,0.970942
Tp_D_NRN_M_O_arc00023_arc00008_10010.tif,0.828244,0.907546,0.595818,0.618632,0.995219
Tp_D_NRN_M_N_nat00091_nat00097_11099.jpg,0.717058,0.653312,0.449093,0.432575,0.732343
Tp_D_NRN_M_N_ind00040_cha00036_11778.jpg,0.465412,0.599824,0.460216,0.455164,0.782401
Tp_D_NNN_M_N_sec00064_nat00097_11260.jpg,0.710510,0.628041,0.708993,0.699291,0.732924
Tp_D_CRD_S_N_ani00028_ani00058_00148.tif,0.510254,0.428130,0.666650,0.638043,0.985183
Tp_D_NRD_S_N_cha10146_cha10144_12232.jpg,0.248351,0.392513,0.284603,0.262788,0.833340
Tp_D_NNN_L_B_arc00032_nat00095_00252.tif,0.448612,0.497704,0.412666,0.421977,0.762842
Tp_D_CRD_M_N_txt00068_txt00065_10136.tif,0.779390,0.901099,0.924630,0.922746,0.504182
Tp_D_NRN_S_N_art00050_cha00026_00522.tif,0.225837,0.306837,0.403907,0.403685,0.964357
Tp_D_NRN_M_N_pla00020_pla10126_12132.jpg,0.507340,0.560627,0.386789,0.401627,0.716379
Tp_D_NRN_S_N_nat10120_cha00063_11389.jpg,0.688374,0.387329,0.384501,0.342260,0.579414
Tp_D_NRN_M_N_nat10114_cha00070_11481.jpg,0.511159,0.536760,0.390448,0.414637,0.356460
Tp_D_NNN_M_N_arc10115_arc10117_10763.jpg,0.153122,0.079547,0.095413,0.096465,0.196056
Tp_D_NRN_M_N_art10113_cha10110_11561.jpg,0.384919,0.449014,0.720050,0.725740,0.226721
Tp_D_NRN_M_N_cha10133_cha00062_12214.jpg,0.968752,0.965460,0.775402,0.745346,0.887993
Tp_D_NRN_S_N_ani00050_ani00051_11132.jpg,0.811482,0.886257,0.974681,0.979565,0.640673
Tp_D_NRN_S_B_nat00015_cha00014_20052.jpg,0.894923,0.886206,0.692765,0.696739,0.998053
Tp_D_NRN_M_N_ind00055_cha00036_11779.jpg,0.457706,0.506109,0.445078,0.438325,0.762094
Tp_D_NRN_S_N_sec00026_sec00027_00047.tif,0.477904,0.354569,0.445114,0.463749,0.430224
Tp_D_NRN_S_N_art20067_arc20001_01873.tif,0.669838,0.651822,0.726620,0.756422,0.766460
Tp_D_NRN_M_N_nat10108_cha00052_11364.jpg,0.621789,0.616388,0.846422,0.865543,0.528906
Tp_D_NNN_S_N_pla00063_pla00035_00594.tif,0.395805,0.293678,0.407029,0.355399,0.985463
Tp_D_NRN_S_N_nat20020_nat20023_01524.tif,0.608242,0.283440,0.983738,0.993755,0.641158
Tp_D_CRN_S_N_cha00029_art00013_00501.tif,0.659112,0.686047,0.820692,0.816301,0.998614
Tp_D_NRN_S_N_pla00026_pla00018_10957.jpg,0.506736,0.504529,0.641736,0.655008,0.263074
Tp_D_NNN_S_N_arc00047_arc00086_00267.tif,0.814069,0.734065,0.839216,0.887766,0.788122
Tp_D_NRN_S_N_cha00072_ani00098_00392.tif,0.744771,0.751293,0.664763,0.681495,0.897857
Tp_D_CRN_S_N_nat10145_ani00037_11983.jpg,0.333815,0.480364,0.394989,0.389738,0.989875
Tp_D_NRN_M_N_nat10148_nat10159_12124.jpg,0.323882,0.293750,0.407043,0.390265,0.540549
Tp_D_NRN_M_N_nat10160_nat10138_12066.jpg,0.007154,0.006947,0.033045,0.032320,0.044698
Tp_D_NRN_M_N_nat10144_nat00060_11965.jpg,0.293387,0.398208,0.169934,0.168153,0.163860
Tp_D_NRN_M_N_nat10116_cha00027_11675.jpg,0.725716,0.762681,0.758978,0.761402,0.650414
Tp_D_CRN_S_N_sec00074_pla00084_00095.tif,0.561075,0.391728,0.483550,0.474073,0.903381
Tp_D_NNN_S_N_ani10113_ani10114_11631.jpg,0.628018,0.641680,0.586694,0.586324,0.764439
Tp_D_NRD_S_N_ind00050_ind00017_00457.tif,0.318685,0.376552,0.406764,0.400026,0.977003
Tp_D_NRN_S_N_nat10149_ani00070_12007.jpg,0.482382,0.869207,0.739609,0.737932,0.994106
Tp_D_NRN_S_N_sec00087_cha00052_11471.jpg,0.187273,0.293665,0.263233,0.267768,0.771098
Tp_D_NRN_M_N_ani00042_ani00043_11139.jpg,0.773073,0.790163,0.738620,0.746004,0.728808
Tp_D_NRN_L_O_sec00043_cha00097_00064.tif,0.015767,0.007204,0.010449,0.010543,0.052907
Tp_D_NRN_S_B_ind00019_ind00020_20016.jpg,0.480801,0.567122,0.463475,0.462318,0.901105
Tp_D_NNN_S_B_nat00021_cha00063_00639.tif,0.430669,0.473889,0.560755,0.549251,0.893936
Tp_D_NRN_S_N_ind00028_ind00020_00443.tif,0.433877,0.350599,0.420129,0.410606,0.632765
Tp_D_NNN_S_N_sec10113_sec10106_10331.tif,0.638489,0.617122,0.541085,0.576743,0.720065
Tp_D_NRN_S_B_cha00086_art00012_00406.tif,0.737863,0.679057,0.462889,0.453638,0.998618
Tp_D_NNN_S_B_cha00029_pla00030_20105.tif,0.395958,0.431029,0.377966,0.399232,0.979607
Tp_D_NNN_S_N_sec10113_sec10106_10330.tif,0.452597,0.573855,0.787016,0.852619,0.594563
Tp_D_NRN_S_N_cha00053_art00092_11722.jpg,0.730679,0.754592,0.953518,0.965756,0.817042
Tp_D_NRN_S_N_ani10195_ani10194_12401.jpg,0.856124,0.903671,0.768139,0.766957,0.826651
Tp_D_NRN_M_B_nat10139_nat10124_11945.jpg,0.914470,0.657161,0.970860,0.972317,0.602641
Tp_D_NRN_S_N_ani10211_ani00100_12375.jpg,0.695994,0.589976,0.689094,0.693471,0.996143
Tp_D_NNN_S_O_pla10121_sec00097_11693.jpg,0.659611,0.680607,0.744841,0.750704,0.729549
Tp_D_CND_M_N_art00077_art00076_10290.tif,0.422297,0.439425,0.625511,0.623547,0.451849
Tp_D_NRN_S_N_cha00040_ani00013_00360.tif,0.580315,0.479081,0.785182,0.769998,0.995382
Tp_D_NRN_S_B_sec00028_cha00030_20112.jpg,0.310023,0.272608,0.603798,0.576852,0.595662
Tp_D_NRN_M_N_art00099_cha00026_11761.jpg,0.463665,0.470261,0.634018,0.631495,0.598568
Tp_D_NRN_M_O_sec10105_cha10104_10027.tif,0.682906,0.588131,0.782966,0.803870,0.768960
Tp_D_CRN_S_N_nat10156_ani00037_12017.jpg,0.923623,0.898455,0.658646,0.659696,0.997479
Tp_D_CRN_M_N_nat00083_ani10101_10096.tif,0.975178,0.981501,0.146667,0.204519,0.997695
Tp_D_NNN_S_O_nat10148_nat10161_12120.jpg,0.886083,0.889998,0.695646,0.635397,0.998812
Tp_D_NRN_S_B_sec00009_ind00039_00029.tif,0.697026,0.557331,0.427868,0.427274,0.997078
Tp_D_NNN_M_N_art00052_nat00095_11850.jpg,0.754431,0.669923,0.510302,0.524734,0.695257
Tp_D_NRN_M_N_art10112_sec00098_11671.jpg,0.459976,0.387937,0.827039,0.834070,0.287682
Tp_D_CRN_M_O_nat10159_ani00001_12057.jpg,0.894299,0.896269,0.458142,0.458970,0.992282
Tp_D_NRN_S_N_art00099_ani00005_00539.tif,0.665254,0.571941,0.790692,0.780424,0.959629
Tp_D_NRN_M_O_cha00094_cha00095_10046.tif,0.306687,0.300615,0.501588,0.500798,0.954137
Tp_D_NNN_S_N_cha00061_cha00043_11021.jpg,0.527985,0.482568,0.489565,0.492374,0.931832
Tp_D_CNN_M_N_art00052_arc00030_11853.jpg,0.660104,0.650613,0.680706,0.683463,0.619877
Tp_D_NNN_S_N_sec00027_sec00026_10771.jpg,0.530685,0.421739,0.248967,0.247476,0.661403
Tp_D_CRN_S_N_ind00060_ind00062_10700.jpg,0.344867,0.295971,0.512380,0.575918,0.979416
Tp_D_NRN_S_B_nat00029_sec00029_20113.jpg,0.401960,0.361792,0.265966,0.267650,0.963031
Tp_D_NRN_S_B_sec00002_ani00017_01432.tif,0.584025,0.455756,0.465727,0.468993,0.991589
Tp_D_NNN_S_N_ani10200_ani10199_12409.jpg,0.939545,0.947598,0.910400,0.917039,0.957316
Tp_D_NRN_M_N_nat10137_nat00059_11936.jpg,0.517035,0.508104,0.750736,0.750431,0.592636
Tp_D_NRN_S_N_nat00030_cha00042_11090.jpg,0.499983,0.419350,0.157604,0.172792,0.963856
Tp_D_CNN_M_B_nat10139_nat00059_11949.jpg,0.802368,0.588991,0.982006,0.983237,0.481839
Tp_D_NNN_S_N_nat20055_nat20054_01559.tif,0.668587,0.671258,0.640195,0.639612,0.782945
Tp_D_NRN_S_N_arc00013_ani00005_00233.tif,0.276026,0.653973,0.189940,0.181838,0.992404
Tp_D_NNN_S_N_ani20005_ani20001_02048.tif,0.299825,0.311585,0.339709,0.331202,0.876831
Tp_D_NRN_S_N_cha10134_pla00020_12202.jpg,0.808756,0.808071,0.836738,0.817648,0.735035
Tp_D_NRN_S_N_art00042_ani00098_00518.tif,0.755901,0.782781,0.550913,0.563179,0.975613
Tp_D_CRN_S_N_art00067_art00092_11808.jpg,0.674205,0.863153,0.600746,0.547311,0.998475
Tp_D_NRN_S_N_ind00083_ind00077_00480.tif,0.354325,0.566901,0.338104,0.351390,0.996453
Tp_D_NRN_S_N_ind00066_ind00071_10697.jpg,0.726969,0.710519,0.432210,0.432935,0.926761
Tp_D_CRN_M_N_pla10110_sec00046_10119.tif,0.999502,0.999702,0.992935,0.991198,0.999875
Tp_D_NNN_S_N_ani10113_ani10112_11625.jpg,0.998522,0.998276,0.667456,0.673072,0.982259
Tp_D_NRN_S_N_arc00098_arc00045_11797.jpg,0.169018,0.362286,0.746792,0.752274,0.823662
Tp_D_NRN_M_N_ani00048_ani00037_10038.tif,0.687083,0.514886,0.500175,0.492060,0.992771
Tp_D_NRN_S_N_sec00042_ani00076_10499.tif,0.876645,0.919691,0.655155,0.687650,0.991833
Tp_D_NRN_M_N_txt00065_sec00077_10391.tif,0.996636,0.997862,0.747554,0.941010,0.998683
Tp_D_NRN_S_N_nat20056_nat20054_01560.tif,0.719134,0.732799,0.651534,0.627946,0.985703
Tp_D_NRN_M_N_art00099_cha00062_11724.jpg,0.349284,0.254514,0.532342,0.557440,0.928257
Tp_D_NND_M_B_cha00094_cha00095_11445.jpg,0.284535,0.284686,0.543224,0.542348,0.619398
Tp_D_NRD_S_N_cha00006_cha00005_00326.tif,0.223874,0.236295,0.319778,0.303240,0.498380
Tp_D_NRN_S_N_cha00030_pla00033_10990.jpg,0.920491,0.982448,0.870136,0.871441,0.997337
Tp_D_NRN_M_N_cha00016_cha00014_11155.jpg,0.434709,0.587744,0.442662,0.441580,0.720907
Tp_D_NRN_M_N_nat10156_ani00097_12012.jpg,0.431610,0.394488,0.464900,0.464170,0.912615
Tp_D_NRN_S_B_nat00023_cha00024_20076.jpg,0.786568,0.836581,0.150291,0.156774,0.993190
Tp_D_NRN_S_N_cha00070_cha00028_00390.tif,0.365771,0.395643,0.375540,0.369788,0.646055
Tp_D_NNN_M_N_sec00061_nat00095_00082.tif,0.914382,0.890101,0.542231,0.560984,0.578113
Tp_D_CRN_M_N_nat10156_ani00001_12021.jpg,0.724781,0.804336,0.491466,0.491420,0.891714
Tp_D_NRN_M_N_nat10107_nat00095_11485.jpg,0.903378,0.903501,0.849868,0.884376,0.833852
Tp_D_NRN_S_N_arc00016_sec00045_11699.jpg,0.062196,0.093816,0.119418,0.098101,0.996911
Tp_D_NRN_S_N_nat10149_ani00005_12006.jpg,0.291880,0.880396,0.366192,0.356738,0.980023
Tp_D_NRN_S_N_art00021_art00092_11725.jpg,0.848738,0.949561,0.563498,0.605888,0.999637
Tp_D_NRN_S_B_nat20017_nat20016_01521.tif,0.436365,0.402407,0.181741,0.266458,0.654586
Tp_D_NNN_M_N_arc00054_arc00005_10006.tif,0.924220,0.857339,0.743068,0.742718,0.992425
Tp_D_NRN_S_N_cha00054_cha00086_11719.jpg,0.416041,0.507959,0.349616,0.356743,0.955356
Tp_D_NRN_M_B_arc00054_arc00023_11921.jpg,0.078446,0.051623,0.515443,0.500203,0.109882
Tp_D_NRN_S_N_pla00021_pla00014_10965.jpg,0.985341,0.965667,0.805135,0.760496,0.880397
Tp_D_NRN_S_B_ind00054_cha00050_00460.tif,0.431995,0.494525,0.357590,0.367248,0.985024
Tp_D_NNN_S_B_cha00100_cha00020_00420.tif,0.688223,0.865741,0.849837,0.839734,0.905580
Tp_D_NRN_S_N_ani10117_ani10118_11613.jpg,0.452416,0.400931,0.536309,0.536352,0.423518
Tp_D_NNN_S_O_arc00062_arc00060_11494.jpg,0.466012,0.520624,0.713754,0.712722,0.494948
Tp_D_NRN_M_N_ani00057_ani00019_11861.jpg,0.543787,0.626094,0.195704,0.198209,0.764167
Tp_D_NRN_S_B_ind00007_cha00040_00425.tif,0.159615,0.221813,0.603310,0.594507,0.962124
Tp_D_NRN_S_N_sec00052_sec00051_11242.jpg,0.353669,0.492745,0.455985,0.490815,0.887617
Tp_D_NRN_S_N_art00071_art00078_10478.tif,0.685686,0.367074,0.533233,0.542235,0.987259
Tp_D_NRN_M_N_ani00044_ani00043_11141.jpg,0.483778,0.474186,0.271399,0.264247,0.648094
Tp_D_NRN_L_N_cha00097_cha00085_10173.tif,0.098084,0.085461,0.178202,0.170280,0.355544
Tp_D_NRN_S_N_cha10209_pla00050_12336.jpg,0.467930,0.817284,0.357729,0.313309,0.852566
Tp_D_NRN_M_N_nat10107_nat00059_11484.jpg,0.743406,0.791337,0.886306,0.888993,0.611932
Tp_D_CNN_S_N_ani10198_ani10197_12407.jpg,0.932214,0.944310,0.911444,0.912036,0.988094
Tp_D_NRN_M_N_cha10142_cha10141_12233.jpg,0.949759,0.970242,0.873111,0.889071,0.963789
Tp_D_NRN_S_N_cha10122_pla00050_12159.jpg,0.922656,0.904054,0.453752,0.454923,0.977087
Tp_D_NRN_S_N_nat10156_pla00050_12008.jpg,0.775813,0.795938,0.611344,0.602738,0.997930
Tp_D_NRN_M_N_art00099_cha00070_11718.jpg,0.474499,0.473156,0.643173,0.640995,0.714813
Tp_D_NRN_S_B_cha00042_cha00040_00362.tif,0.797829,0.845528,0.604143,0.579730,0.997189
Tp_D_CRN_S_B_pla00041_pla00040_10978.jpg,0.531322,0.491287,0.183186,0.202445,0.528074
Tp_D_NNN_M_N_arc00008_cha00050_11769.jpg,0.282866,0.419758,0.330421,0.341645,0.482007
Tp_D_NRN_M_N_pla10115_cha00085_10124.tif,0.886944,0.926814,0.828007,0.835203,0.941920
Tp_D_NNN_M_N_ani00051_ani00054_11131.jpg,0.369034,0.329134,0.355935,0.373994,0.871022
Tp_D_NRN_S_N_art00096_cha00089_00492.tif,0.168837,0.538145,0.286575,0.245704,0.783649
Tp_D_NNN_M_N_sec00036_nat00095_00057.tif,0.756081,0.693277,0.745177,0.758836,0.838395
Tp_D_NRN_M_N_cha00057_ani00005_10117.tif,0.479846,0.818303,0.171694,0.177416,0.990492
Tp_D_CRN_S_N_sec00061_sec00097_11694.jpg,0.908928,0.698744,0.358999,0.333058,0.704481
Tp_D_NRN_S_N_arc00084_art00023_10739.jpg,0.853583,0.646092,0.305245,0.264625,0.996485
Tp_D_NRN_M_N_nat10148_nat10161_12121.jpg,0.437719,0.430183,0.386222,0.376470,0.549768
Tp_D_NNN_S_B_nat00061_art00020_11442.jpg,0.996795,0.991887,0.286476,0.313370,0.998314
Tp_D_NNN_S_N_sec00011_cha00050_00370.tif,0.644602,0.578914,0.582601,0.572095,0.604210
Tp_D_NNN_S_N_sec20060_arc20022_02135.tif,0.824495,0.856200,0.603069,0.545446,0.709090
Tp_D_NRN_M_N_cha10122_nat10139_12158.jpg,0.847545,0.796696,0.725284,0.726318,0.821786
Tp_D_NRD_S_N_pla00095_cha00029_00349.tif,0.618680,0.531058,0.625983,0.621922,0.989709
Tp_D_NNN_S_N_nat20018_nat20015_01522.tif,0.596844,0.387437,0.585676,0.599007,0.412188
Tp_D_NRN_S_N_ani00033_ani00034_10236.tif,0.837834,0.839132,0.798150,0.796714,0.998026
Tp_D_NRN_S_N_nat20081_nat20082_01585.tif,0.959230,0.936795,0.436333,0.439987,0.986285
Tp_D_CRN_M_N_art00014_art00013_11836.jpg,0.717987,0.858422,0.518143,0.516544,0.672524
Tp_D_NRD_S_N_cha00021_cha00020_00341.tif,0.639752,0.760233,0.721006,0.715053,0.993526
Tp_D_NRN_S_N_nat00002_ani00058_11515.jpg,0.793530,0.719238,0.185951,0.208512,0.997801
Tp_D_CRN_L_N_art00028_xxx00002_11282.jpg,0.049865,0.060276,0.290969,0.303283,0.077217
Tp_D_NRN_M_N_nat00099_nat00023_10348.tif,0.848564,0.916911,0.954755,0.955764,0.995623
Tp_D_CRN_M_N_nat10165_nat10164_12099.jpg,0.995254,0.991358,0.971717,0.975484,0.834558
Tp_D_NRN_M_N_cha00031_pla00050_11388.jpg,0.468001,0.595711,0.677120,0.667376,0.919416
Tp_D_NRN_S_N_ani00017_ani00010_00137.tif,0.943327,0.960286,0.895724,0.896806,0.997969
Tp_D_NND_S_N_txt00062_txt00083_10824.jpg,0.767624,0.886798,0.997596,0.997816,0.997942
Tp_D_CRD_S_O_ani10111_ani10103_10635.jpg,0.577076,0.510594,0.906495,0.890120,0.219176
Tp_D_NRN_S_N_ind20065_ind20058_01806.tif,0.728843,0.918393,0.807490,0.831899,0.998123
Tp_D_NRN_M_O_ind00020_ind00031_10014.tif,0.692908,0.578280,0.511784,0.466133,0.981785
Tp_D_NRN_S_N_sec00041_ani00076_10500.tif,0.455957,0.612605,0.346851,0.342870,0.974942
Tp_D_NRN_M_N_cha10123_nat10139_12193.jpg,0.868020,0.801004,0.595411,0.602364,0.887960
Tp_D_CRN_S_N_nat10164_ani00005_12093.jpg,0.736828,0.822080,0.583840,0.608239,0.997333
Tp_D_NRN_S_N_sec00022_sec00023_10809.jpg,0.462345,0.392772,0.314681,0.337894,0.992258
Tp_D_NNN_S_N_nat00091_ani00081_10513.tif,0.581166,0.788722,0.406153,0.415511,0.995519
Tp_D_NRN_M_B_art00014_art00011_11835.jpg,0.527808,0.569429,0.493664,0.438970,0.719567
Tp_D_NNN_M_N_pla10121_cha00027_11669.jpg,0.948160,0.944306,0.927206,0.931491,0.939495
Tp_D_CRN_M_N_nat10131_nat10124_11906.jpg,0.457875,0.307373,0.541581,0.520651,0.364120
Tp_D_NRN_S_N_ind00009_pla00050_10423.tif,0.434404,0.781200,0.561393,0.558547,0.997403
Tp_D_CRN_M_N_arc00045_arc00046_10084.tif,0.418256,0.209751,0.291650,0.286080,0.997615
Tp_D_NRN_M_N_nat10144_nat10124_11970.jpg,0.460629,0.443499,0.508918,0.435209,0.455348
Tp_D_NRN_M_O_ind00016_ind00017_10013.tif,0.329170,0.187953,0.412925,0.410084,0.813058
Tp_D_NRN_M_N_sec10115_cha00070_11532.jpg,0.395894,0.399921,0.621105,0.633271,0.403208
Tp_D_NRN_S_B_sec00079_pla00029_00100.tif,0.294378,0.153860,0.274899,0.299795,0.953632
Tp_D_NNN_M_N_nat10112_nat10122_11360.jpg,0.912060,0.868375,0.806963,0.810283,0.762178
Tp_D_NRN_M_N_nat10164_nat10124_12095.jpg,0.342550,0.324460,0.445595,0.410332,0.459927
Tp_D_NRN_M_O_nat10151_cha00062_12107.jpg,0.431207,0.358916,0.700188,0.708729,0.986519
Tp_D_NNN_S_B_sec00062_cha00023_00701.tif,0.391697,0.429059,0.327650,0.308355,0.993273
Tp_D_NNN_S_N_arc00060_arc00062_11493.jpg,0.421437,0.346064,0.551468,0.542403,0.817720
Tp_D_NRN_M_N_nat10144_nat10156_12150.jpg,0.327528,0.340314,0.271253,0.263333,0.459056
Tp_D_NNN_M_N_sec00054_cha00062_11473.jpg,0.575651,0.610166,0.638400,0.633837,0.847714
Tp_D_NRN_S_B_sec00089_ani00070_00718.tif,0.434997,0.450227,0.215238,0.205376,0.960078
Tp_D_CRD_S_O_ani10103_ani10111_10637.jpg,0.437745,0.421067,0.484893,0.504111,0.476153
Tp_D_NRN_S_N_nat10126_ani10123_11651.jpg,0.572034,0.353086,0.869862,0.869143,0.423466
Tp_D_NNN_M_N_arc00069_nat00097_11207.jpg,0.844884,0.774380,0.718043,0.709211,0.628151
Tp_D_NRN_S_N_cha00008_art10102_11163.jpg,0.443597,0.576657,0.657137,0.715310,0.537651
Tp_D_NRN_S_N_nat10156_ani00058_12013.jpg,0.740472,0.771619,0.355676,0.354461,0.991389
Tp_D_NNN_S_N_ani10201_ani10200_12412.jpg,0.791624,0.779695,0.282094,0.281477,0.965856
Tp_D_CRN_S_B_art20030_art20032_02494.tif,0.906259,0.922638,0.426340,0.528708,0.992519
Tp_D_NRN_S_N_pla10124_sec00097_11698.jpg,0.975129,0.859562,0.219863,0.225285,0.437931
Tp_D_NRN_S_N_cha10133_pla10126_12212.jpg,0.999425,0.998995,0.990403,0.990330,0.982933
Tp_D_NRN_S_B_nat00040_ani00070_00654.tif,0.231941,0.309072,0.481812,0.473722,0.856244
Tp_D_NRN_S_B_arc00042_ani00070_00262.tif,0.380942,0.617290,0.138068,0.138741,0.983523
Tp_D_NRN_S_N_nat00033_ani00058_11504.jpg,0.093054,0.277590,0.856379,0.848577,0.789802
Tp_D_NRN_S_N_nat10161_cha00063_12080.jpg,0.994520,0.992917,0.653985,0.589959,0.999294
Tp_D_NNN_M_N_sec00089_cha00062_11491.jpg,0.469141,0.611269,0.355559,0.350974,0.921475
Tp_D_CRN_S_N_cha10149_cha10148_12225.jpg,0.315574,0.467164,0.153264,0.148971,0.601488
Tp_D_NNN_S_N_ani10177_ani10179_12488.jpg,0.977573,0.989968,0.931446,0.931092,0.988976
Tp_D_NRN_S_N_art00034_ani00058_01420.tif,0.839505,0.865835,0.716803,0.732725,0.997134
Tp_D_NRN_S_N_nat00099_ani00078_10527.tif,0.518707,0.702257,0.709894,0.698244,0.988389
Tp_D_CRN_M_N_ani10119_ani00100_11641.jpg,0.884482,0.868866,0.888347,0.892795,0.769224
Tp_D_NRN_S_O_nat10159_ani00084_12055.jpg,0.739258,0.711668,0.463996,0.445281,0.992035
Tp_D_NNN_S_N_pla00030_pla00028_10948.jpg,0.346595,0.635678,0.538842,0.553197,0.971658
Tp_D_CRN_M_N_arc00071_arc00045_10085.tif,0.695679,0.914124,0.764383,0.842983,0.938404
Tp_D_CNN_S_N_cha10172_cha10171_12283.jpg,0.882816,0.941597,0.278776,0.284330,0.266772
Tp_D_NRN_S_B_art00044_ind00098_00490.tif,0.864667,0.891509,0.808535,0.803534,0.493085
Tp_D_CRN_S_N_ind00006_art00076_11745.jpg,0.250266,0.373798,0.330015,0.327352,0.995586
Tp_D_NNN_S_N_ind00070_ind00074_10930.jpg,0.597788,0.682744,0.418778,0.452644,0.998176
Tp_D_NRN_S_N_ind00010_art00009_00428.tif,0.434012,0.507825,0.301939,0.278083,0.999441
Tp_D_CRN_M_O_pla10102_ani10104_10028.tif,0.122885,0.191504,0.877616,0.872600,0.343556
Tp_D_NRN_M_B_sec00030_pla00028_20109.jpg,0.576526,0.327429,0.746328,0.794181,0.992749
Tp_D_NRN_S_N_cha00085_ind00098_10851.jpg,0.552667,0.427563,0.352127,0.332570,0.987115
Tp_D_NRN_S_N_sec00073_art00064_00725.tif,0.565939,0.932148,0.932840,0.933844,0.997474
Tp_D_NRN_S_N_art00012_art00014_11814.jpg,0.522500,0.380479,0.333853,0.320441,0.997119
Tp_D_NRN_S_N_ani00096_ani00046_11138.jpg,0.505867,0.561047,0.301121,0.400451,0.869450
Tp_D_NRN_M_N_sec00090_sec00098_10336.tif,0.957465,0.898052,0.818106,0.816962,0.991629
Tp_D_NNN_S_B_nat00023_nat00007_00641.tif,0.573220,0.587233,0.685835,0.673278,0.542723
Tp_D_CRN_M_N_nat10161_nat10157_12081.jpg,0.502421,0.476974,0.425889,0.424689,0.582862
Tp_D_NRN_M_N_nat10136_arc00023_11916.jpg,0.722798,0.641074,0.767104,0.758750,0.682405
Tp_D_NRN_S_N_art00021_ani00005_00503.tif,0.660257,0.893451,0.417309,0.427850,0.984957
Tp_D_CRN_M_O_art00010_art00009_10166.tif,0.255953,0.288119,0.170015,0.172765,0.934983
Tp_D_NNN_S_N_pla00063_pla00064_11223.jpg,0.421172,0.619670,0.528341,0.495639,0.994369
Tp_D_NRN_M_N_art10115_cha00067_11527.jpg,0.635218,0.536457,0.492384,0.500210,0.945082
Tp_D_NRN_M_N_art00013_art00011_11838.jpg,0.366535,0.427524,0.292792,0.271931,0.605399
Tp_D_NRN_M_O_sec20054_sec20042_01644.tif,0.667548,0.562378,0.602917,0.625202,0.779042
Tp_D_NRN_S_N_pla10122_ani10122_11606.jpg,0.809033,0.765205,0.296312,0.261771,0.196673
Tp_D_NRN_M_B_nat10136_arc00054_11919.jpg,0.705079,0.625306,0.818981,0.811986,0.607725
Tp_D_NRN_S_N_ani00059_ani00055_11144.jpg,0.612102,0.717010,0.587073,0.596149,0.993005
Tp_D_NNN_M_B_txt00052_txt00051_10380.tif,0.570193,0.501630,0.402453,0.404252,0.655803
Tp_D_NNN_S_N_nat00024_nat00027_11039.jpg,0.483715,0.774118,0.269696,0.232921,0.994307
Tp_D_CRN_S_N_ani10158_ani10136_12481.jpg,0.569865,0.485740,0.298982,0.299969,0.748873
Tp_D_CRN_S_N_pla10121_sec00097_11692.jpg,0.444137,0.605556,0.955294,0.956602,0.811381
Tp_D_CRD_M_B_arc10113_arc10112_10030.tif,0.754562,0.399287,0.482232,0.483168,0.268779
Tp_D_NRN_M_N_sec00021_cha00052_11405.jpg,0.424602,0.444633,0.806738,0.805795,0.299995
Tp_D_NNN_M_B_sec20045_arc20001_02127.tif,0.629146,0.586797,0.235990,0.210176,0.584285
Tp_D_NRN_M_N_nat10167_cha00070_12103.jpg,0.671030,0.419325,0.853654,0.857442,0.595011
Tp_D_NRN_S_N_cha00071_pla00049_11782.jpg,0.105950,0.075785,0.355987,0.664081,0.998373
Tp_D_CRN_S_O_cha00099_ani00061_10045.tif,0.527334,0.261816,0.178021,0.189895,0.996801
Tp_D_NRN_M_N_cha10170_nat10123_12291.jpg,0.212493,0.204382,0.581746,0.490392,0.541842
Tp_D_NRN_S_N_cha10139_ani00070_12201.jpg,0.343107,0.771067,0.779771,0.776713,0.995861
Tp_D_CRN_M_N_ani10118_sec00098_11619.jpg,0.873293,0.885021,0.875999,0.894008,0.567370
Tp_D_NRN_M_N_nat00093_nat00059_11112.jpg,0.354329,0.334035,0.329171,0.299609,0.518328
Tp_D_NRN_S_N_ani10216_ani00070_12389.jpg,0.477522,0.908187,0.876630,0.831673,0.219434
Tp_D_NNN_M_O_nat00045_nat00099_10558.jpg,0.118460,0.088424,0.326577,0.253759,0.523365
Tp_D_NNN_M_N_nat00075_nat00097_11100.jpg,0.676524,0.616089,0.935806,0.935946,0.555158
Tp_D_NRN_S_N_art00041_ani00096_00517.tif,0.452637,0.540453,0.376123,0.393202,0.994675
Tp_D_NRN_S_B_nat00093_cha00052_00008.tif,0.322509,0.443705,0.209174,0.218774,0.838414
Tp_D_NRN_M_N_art00098_art00062_10518.tif,0.991845,0.962513,0.161993,0.152745,0.998279
Tp_D_NRN_S_N_ani10186_ani10200_12435.jpg,0.423337,0.285983,0.349062,0.385088,0.829136
Tp_D_NNN_S_N_ani00010_ani00017_10215.tif,0.912902,0.937555,0.924199,0.923495,0.995502
Tp_D_NRN_S_N_ani10186_ani10189_12434.jpg,0.435874,0.324006,0.688834,0.689060,0.308726
Tp_D_NRN_S_N_nat10162_art00021_12086.jpg,0.794001,0.824239,0.242796,0.247370,0.989071
Tp_D_NRN_S_B_ind00046_cha00023_00454.tif,0.209084,0.265494,0.396818,0.406144,0.997480
Tp_D_NRN_M_B_ind00028_pla00029_20107.jpg,0.422039,0.520365,0.359580,0.382995,0.982057
Tp_D_NRN_M_N_art00049_nat00059_11759.jpg,0.344667,0.380291,0.346977,0.298491,0.807088
Tp_D_NRN_S_N_nat10156_cha00062_12010.jpg,0.873512,0.859274,0.559105,0.532637,0.996120
Tp_D_NRN_S_N_cha00041_cha00042_11010.jpg,0.321049,0.195760,0.311084,0.327883,0.512328
Tp_D_NNN_S_N_sec00054_sec00055_11341.jpg,0.459955,0.290201,0.217005,0.218350,0.877435
Tp_D_NRN_S_B_arc00059_nat00095_11827.jpg,0.724758,0.886927,0.434931,0.647319,0.891186
Tp_D_NRN_S_N_cha10108_cha00050_11657.jpg,0.600737,0.583387,0.401402,0.412928,0.596150
Tp_D_CRN_S_N_pla00037_pla00038_10064.tif,0.785717,0.790714,0.747005,0.806213,0.971849
Tp_D_CRN_M_N_ind00010_pla00050_10424.tif,0.507597,0.833971,0.644402,0.616232,0.994399
Tp_D_NRN_S_N_sec00002_nat00086_11509.jpg,0.235759,0.518213,0.269723,0.259254,0.965973
Tp_D_NRN_M_N_nat10156_cha00070_12011.jpg,0.609025,0.645519,0.468432,0.463559,0.892849
Tp_D_NRN_S_B_cha10125_pla00050_12163.jpg,0.616958,0.880967,0.383152,0.374898,0.978070
Tp_D_NRD_L_N_ani10110_art10104_10229.tif,0.266102,0.222004,0.393609,0.363721,0.519902
Tp_D_NRN_S_N_ind00006_ind00005_11748.jpg,0.553538,0.486304,0.721489,0.729104,0.775499
Tp_D_NRN_S_B_ind00064_ani00069_00467.tif,0.190727,0.201171,0.580132,0.561437,0.992818
Tp_D_NRN_S_N_art10108_ani00100_11630.jpg,0.538768,0.488014,0.663228,0.667892,0.496772
Tp_D_NRN_S_N_sec00055_sec00050_00076.tif,0.496171,0.535252,0.440430,0.433845,0.998143
Tp_D_NRN_M_N_arc00065_nat10123_11452.jpg,0.449312,0.369790,0.657981,0.559033,0.596652
Tp_D_NRN_M_N_sec00062_cha00070_11479.jpg,0.473211,0.537498,0.342827,0.316598,0.934487
Tp_D_NRN_M_N_nat10157_nat10128_12045.jpg,0.159900,0.180812,0.280308,0.276107,0.300478
Tp_D_NRN_M_B_nat10123_nat00062_11332.jpg,0.801095,0.712678,0.629606,0.720392,0.936196
Tp_D_NRN_M_N_nat10148_nat00097_12122.jpg,0.297486,0.269873,0.325829,0.296040,0.486858
Tp_D_NND_S_B_pla20083_pla20084_02358.tif,0.932364,0.954816,0.671973,0.670771,0.975989
Tp_D_NRN_M_N_nat10116_cha00028_11676.jpg,0.602245,0.599182,0.460578,0.462549,0.483068
Tp_D_NRN_M_N_nat10157_cha00062_12043.jpg,0.842411,0.860223,0.386331,0.412112,0.989991
Tp_D_NRN_S_B_ani00093_ani00021_00213.tif,0.518742,0.519869,0.504410,0.493203,0.885492
Tp_D_NNN_S_N_nat00035_cha00030_11085.jpg,0.332939,0.295723,0.361258,0.350174,0.260116
Tp_D_NRN_S_N_ind00048_ind00034_00456.tif,0.406928,0.665950,0.469334,0.467964,0.998576
Tp_D_NRN_S_N_art20006_art20005_01812.tif,0.399676,0.693052,0.606347,0.624265,0.927924
Tp_D_CRN_M_N_art10112_cha00086_11672.jpg,0.209667,0.270700,0.803420,0.806696,0.328900
