test_fold,val_fold,min_frac,max_frac,auc,n_tampered,n_authentic
0,1,0.02,0.5,0.598060346408364,364,7491
0,2,0.02,0.5,0.598060346408364,364,7491
0,3,0.02,0.75,0.6081737645614298,364,7491
0,4,0.02,0.75,0.6081737645614298,364,7491
1,0,0.02,1.0,0.6131794050296253,364,7491
1,2,0.02,0.5,0.6181909133450985,364,7491
1,3,0.02,0.75,0.6208859055775355,364,7491
1,4,0.02,0.75,0.6208859055775355,364,7491
2,0,0.02,1.0,0.5941683133313089,364,7491
2,1,0.02,0.5,0.5892798464384367,364,7491
2,3,0.02,0.75,0.5946536943232978,364,7491
2,4,0.02,0.75,0.5946536943232978,364,7491
3,0,0.02,1.0,0.613212750277502,365,7491
3,1,0.02,0.5,0.6148084550776,365,7491
3,2,0.02,0.5,0.6148084550776,365,7491
3,4,0.02,0.75,0.624715686220725,365,7491
4,0,0.02,1.0,0.5783691114268629,365,7491
4,1,0.02,0.5,0.5766942248506427,365,7491
4,2,0.02,0.5,0.5766942248506427,365,7491
4,3,0.02,0.75,0.5841610846257517,365,7491
