category,n,pooled_frac,mean_frac,chance_micro,ela_micro,mrf_micro,chance_img,ela_img,mrf_img
ani,473,0.046,0.0528,0.0879,0.136,0.1494,0.0925,0.1445,0.1647
cha,393,0.0791,0.088,0.1466,0.2128,0.2411,0.1515,0.2174,0.2469
nat,366,0.2925,0.3067,0.4526,0.381,0.3969,0.4338,0.3666,0.3806
art,152,0.0829,0.0817,0.1531,0.2211,0.2496,0.1334,0.185,0.2079
pla,106,0.0549,0.0639,0.1041,0.1807,0.2047,0.1087,0.1748,0.196
sec,88,0.0873,0.0778,0.1606,0.24,0.2872,0.1312,0.1785,0.205
arc,86,0.2147,0.2209,0.3535,0.3433,0.3922,0.3228,0.3064,0.3534
ind,76,0.0532,0.0565,0.1011,0.1819,0.2172,0.1025,0.1801,0.2189
txt,72,0.2359,0.2386,0.3817,0.3544,0.3555,0.3484,0.3384,0.3548
xxx,10,0.3504,0.4339,0.519,0.446,0.5222,0.5708,0.4432,0.5048
ALL,1822,0.1377,0.1332,0.2421,0.2653,0.2898,0.204,0.23,0.2537
