test_fold,val_fold,min_frac,max_frac,f1,iou,auc,oracle_f1,oracle_iou,n_tampered,n_authentic
0,1,0.02,0.5,0.38421312063869983,0.23778700368613856,0.598060346408364,0.8119061725465825,0.6833687321537874,364,7491
0,2,0.02,0.5,0.38421312063869983,0.23778700368613856,0.598060346408364,0.8119061725465825,0.6833687321537874,364,7491
0,3,0.02,0.75,0.38958696692033007,0.24191742051124876,0.6081737645614298,0.8119061725465825,0.6833687321537874,364,7491
0,4,0.02,0.75,0.38958696692033007,0.24191742051124876,0.6081737645614298,0.8119061725465825,0.6833687321537874,364,7491
1,0,0.02,1.0,0.39489464782575495,0.2460241299992167,0.6131794050296253,0.8376468651356922,0.7206474865605095,364,7491
1,2,0.02,0.5,0.41672355340272155,0.2632032796915087,0.6181909133450985,0.8376468651356922,0.7206474865605095,364,7491
1,3,0.02,0.75,0.4085715478701349,0.25673258972046725,0.6208859055775355,0.8376468651356922,0.7206474865605095,364,7491
1,4,0.02,0.75,0.4085715478701349,0.25673258972046725,0.6208859055775355,0.8376468651356922,0.7206474865605095,364,7491
2,0,0.02,1.0,0.38305505885486907,0.23690049618114206,0.5941683133313089,0.8533669880792115,0.7442372399951133,364,7491
2,1,0.02,0.5,0.4056948699163757,0.25446500940199335,0.5892798464384367,0.8533669880792115,0.7442372399951133,364,7491
2,3,0.02,0.75,0.4013156584249967,0.2510287040339844,0.5946536943232978,0.8533669880792115,0.7442372399951133,364,7491
2,4,0.02,0.75,0.4013156584249967,0.2510287040339844,0.5946536943232978,0.8533669880792115,0.7442372399951133,364,7491
3,0,0.02,1.0,0.3923409358062883,0.24404486283480684,0.613212750277502,0.8325701702239933,0.7131650648191313,365,7491
3,1,0.02,0.5,0.37521193346739945,0.2309297693625515,0.6148084550776,0.8325701702239933,0.7131650648191313,365,7491
3,2,0.02,0.5,0.37521193346739945,0.2309297693625515,0.6148084550776,0.8325701702239933,0.7131650648191313,365,7491
3,4,0.02,0.75,0.39672673694882904,0.24744798412830943,0.624715686220725,0.8325701702239933,0.7131650648191313,365,7491
4,0,0.02,1.0,0.3943409696307446,0.24559446443623686,0.5783691114268629,0.840172292207821,0.7243940514295467,365,7491
4,1,0.02,0.5,0.40678810707338914,0.2553258037298164,0.5766942248506427,0.840172292207821,0.7243940514295467,365,7491
4,2,0.02,0.5,0.40678810707338914,0.2553258037298164,0.5766942248506427,0.840172292207821,0.7243940514295467,365,7491
4,3,0.02,0.75,0.4130893111924551,0.2603103716585737,0.5841610846257517,0.840172292207821,0.7243940514295467,365,7491
