test_fold,val_fold,stopped_at,best_val,epochs_max,patience,batch,workers,lr,weight_decay,grad_clip,constraint_norm,amp_dtype,n_cal,crops_per_image,patch
0,1,37,0.638155,90,10,8,2,0.001,0.0001,1.0,sum,bfloat16,150,8,256
0,2,76,0.573243,90,10,8,2,0.001,0.0001,1.0,sum,bfloat16,150,8,256
0,3,41,0.651147,90,10,8,2,0.001,0.0001,1.0,sum,bfloat16,150,8,256
0,4,48,0.615309,90,10,8,2,0.001,0.0001,1.0,sum,bfloat16,150,8,256
1,0,35,0.697795,90,10,8,2,0.001,0.0001,1.0,sum,bfloat16,150,8,256
1,2,29,0.698417,90,10,8,2,0.001,0.0001,1.0,sum,bfloat16,150,8,256
1,3,65,0.598838,90,10,8,2,0.001,0.0001,1.0,sum,bfloat16,150,8,256
1,4,62,0.613006,90,10,8,2,0.001,0.0001,1.0,sum,bfloat16,150,8,256
2,0,55,0.692323,90,10,8,2,0.001,0.0001,1.0,sum,bfloat16,150,8,256
2,1,73,0.524449,90,10,8,2,0.001,0.0001,1.0,sum,bfloat16,150,8,256
2,3,41,0.614982,90,10,8,2,0.001,0.0001,1.0,sum,bfloat16,150,8,256
2,4,23,0.768298,90,10,8,2,0.001,0.0001,1.0,sum,bfloat16,150,8,256
3,0,64,0.600494,90,10,8,2,0.001,0.0001,1.0,sum,bfloat16,150,8,256
3,1,22,0.792403,90,10,8,2,0.001,0.0001,1.0,sum,bfloat16,150,8,256
3,2,68,0.547739,90,10,8,2,0.001,0.0001,1.0,sum,bfloat16,150,8,256
3,4,75,0.595266,90,10,8,2,0.001,0.0001,1.0,sum,bfloat16,150,8,256
4,0,51,0.630256,90,10,8,2,0.001,0.0001,1.0,sum,bfloat16,150,8,256
4,1,29,0.724106,90,10,8,2,0.001,0.0001,1.0,sum,bfloat16,150,8,256
4,2,78,0.575202,90,10,8,2,0.001,0.0001,1.0,sum,bfloat16,150,8,256
4,3,38,0.649710,90,10,8,2,0.001,0.0001,1.0,sum,bfloat16,150,8,256
