image,corr_score_texture
Tp_D_NRN_M_N_sec00062_cha00052_11407.jpg,0.605462
Tp_D_CRN_M_N_nat00083_ani00001_10097.tif,0.541137
Tp_D_CRD_S_O_ani10103_ani10111_10637.jpg,-0.496642
Tp_D_NRN_M_N_nat10111_cha00072_11468.jpg,-0.009100
Tp_D_NNN_S_N_ani10114_ani10112_11627.jpg,0.028006
Tp_D_NRN_M_N_nat10110_cha00031_11367.jpg,-0.307842
Tp_D_NNN_M_B_art00069_nat00013_11844.jpg,0.523056
Tp_D_CNN_S_N_sec00042_ani00070_10541.tif,0.713037
Tp_D_NNN_S_B_nat00036_nat00034_20124.tif,0.032621
Tp_D_NRN_S_N_nat10139_cha00063_11942.jpg,-0.356932
Tp_D_NRN_M_N_nat10144_nat10145_11964.jpg,-0.365604
Tp_D_CRN_S_N_nat10108_sec00097_11696.jpg,0.199929
Tp_D_NRD_S_N_sec00007_art00002_00027.tif,0.527208
Tp_D_NRN_M_N_arc10120_nat00060_12143.jpg,0.418150
Tp_D_CRN_M_N_art00067_nat00059_11805.jpg,0.235232
Tp_D_NNN_M_N_txt00060_txt00061_10186.tif,0.436109
Tp_D_NRN_M_N_nat00098_nat00099_10062.tif,-0.299256
Tp_D_NRN_S_N_nat00076_nat00086_10081.tif,0.030306
Tp_D_NRN_S_N_arc10101_ani00095_11170.jpg,0.029275
Tp_D_NRN_S_N_cha00040_ani10123_11679.jpg,-0.179305
Tp_D_NRN_S_N_nat10123_ani00070_11417.jpg,-0.155535
Tp_D_CRD_S_N_ind00074_cha00049_00474.tif,-0.175861
Tp_D_NNN_M_N_nat00075_nat00097_11100.jpg,0.649963
Tp_D_NRN_M_N_art10110_cha00070_11567.jpg,0.583262
Tp_D_NRN_M_O_sec10101_sec10107_10024.tif,0.604599
Tp_D_NRN_S_N_cha00024_ani00005_00344.tif,0.307655
Tp_D_NRN_L_N_cha00097_cha00085_10173.tif,0.850109
Tp_D_NRN_S_N_ind00010_art00009_00428.tif,0.597802
Tp_D_NRN_S_N_art00093_art00009_00536.tif,0.367252
Tp_D_CRN_S_N_nat10145_ani00022_11986.jpg,-0.645140
Tp_D_NNN_S_N_nat00041_nat00061_11433.jpg,-0.009003
Tp_D_NNN_M_B_txt00052_txt00051_10380.tif,0.087011
Tp_D_NNN_S_N_sec00011_cha00050_00370.tif,0.106302
Tp_D_NNN_M_B_arc10117_arc10115_10744.jpg,-0.318624
Tp_D_NRN_M_N_nat00033_cha00070_11476.jpg,-0.098698
Tp_D_NNN_M_N_nat00033_cha00062_11380.jpg,-0.153387
Tp_D_CRN_S_N_sec00022_art00076_11743.jpg,-0.147821
Tp_D_NRN_M_B_arc00022_arc00023_10060.tif,0.958028
Tp_D_NRN_M_N_nat10144_nat10128_11971.jpg,0.944664
Tp_D_NNN_M_N_arc00050_arc00086_00270.tif,-0.075545
Tp_D_NRN_M_N_nat10144_nat10142_11967.jpg,0.897945
Tp_D_NNN_M_N_art00049_cha00070_11790.jpg,0.414583
Tp_D_CRN_M_N_arc00054_cha00085_11922.jpg,0.489303
Tp_D_NNN_M_N_txt00060_txt00062_10183.tif,-0.119190
Tp_D_NRN_M_B_arc00054_arc00023_11921.jpg,0.444276
Tp_D_NNN_S_N_nat00035_cha00030_11085.jpg,-0.134162
Tp_D_CRN_S_N_ani10184_ani10206_12421.jpg,0.897662
Tp_D_NRN_S_N_nat10158_ani00005_12026.jpg,-0.174443
Tp_D_NRN_S_N_nat10139_ani00058_11951.jpg,-0.433562
Tp_D_NRN_S_N_cha10127_ani10123_12184.jpg,0.928912
Tp_D_NRN_M_N_cha10142_nat10139_12238.jpg,0.878436
Tp_D_NRN_S_N_sec00071_art00064_00706.tif,-0.221415
Tp_D_NRN_M_N_sec00014_cha00052_11401.jpg,0.101969
Tp_D_NRN_M_N_cha00024_nat00099_10323.tif,0.200315
Tp_D_NRN_S_N_pla20031_pla20030_01931.tif,0.910259
Tp_D_NRN_S_B_nat00040_ani00070_00654.tif,0.440624
Tp_D_NNN_S_N_ani10177_ani10179_12488.jpg,0.850181
Tp_D_CRN_M_N_arc00045_arc00046_10084.tif,0.119035
Tp_D_NRN_M_N_ani10144_nat10156_12472.jpg,0.914138
Tp_D_NRN_M_N_arc00054_nat00013_11932.jpg,0.588474
Tp_D_CNN_S_O_nat10153_ani00097_12135.jpg,0.594003
Tp_D_NNN_S_B_pla00019_pla00020_20034.jpg,0.362208
Tp_D_NNN_S_O_arc00062_arc00060_11494.jpg,0.783090
Tp_D_NNN_M_N_art00088_txt00002_10327.tif,0.646514
Tp_D_NRN_S_N_cha00008_art10102_11163.jpg,0.016263
Tp_D_NRN_M_N_cha10198_nat10148_12363.jpg,-0.072286
Tp_D_NRN_M_N_ind10102_cha00070_11549.jpg,0.833253
Tp_D_NRN_M_B_art00014_art00011_11835.jpg,0.374828
Tp_D_CND_M_N_art00076_art00077_10289.tif,0.836325
Tp_D_NRN_S_N_ani00024_ani00021_00144.tif,0.814147
Tp_D_NNN_S_N_arc00066_cha00096_00416.tif,0.035760
Tp_D_CRN_S_N_ani10151_ani10206_12489.jpg,0.837502
Tp_D_NRN_M_N_nat00013_cha00070_11393.jpg,0.863618
Tp_D_NRD_S_N_arc00071_ani00064_00291.tif,0.598454
Tp_D_NRD_M_O_sec20091_sec20085_01681.tif,0.469238
Tp_D_NRN_M_N_nat00028_nat00013_11053.jpg,0.897789
Tp_D_NRN_S_N_cha00035_cha00040_00355.tif,0.084402
Tp_D_NRN_M_N_sec00089_cha00070_11490.jpg,0.443462
Tp_D_NRN_S_N_nat00013_ani00058_11416.jpg,0.892880
Tp_D_NRN_S_N_ani10193_ani10194_12443.jpg,0.711290
Tp_D_NRN_S_B_arc00099_ani00058_00319.tif,0.586854
Tp_D_NRN_S_N_cha00085_ind00098_10851.jpg,0.738396
Tp_D_NRN_S_N_cha10209_pla00050_12336.jpg,0.204883
Tp_D_NRN_S_N_sec00041_ani00076_10500.tif,0.352653
Tp_D_NRN_M_N_art10113_cha10110_11561.jpg,0.478101
Tp_D_NRD_S_N_cha20017_ani20036_02016.tif,0.467821
Tp_D_CRN_S_N_cha00029_art00013_00501.tif,0.589217
Tp_D_NNN_S_N_nat00063_cha00042_11113.jpg,-0.558294
Tp_D_NRN_M_O_art10108_cha00063_11633.jpg,-0.316294
Tp_D_NRN_S_N_nat10131_ani00005_11903.jpg,0.606803
Tp_D_CRN_M_N_nat10131_nat00059_11908.jpg,0.640618
Tp_D_NNN_M_N_txt00050_txt00059_10369.tif,0.277016
Tp_D_NRN_M_N_nat10152_nat10161_12147.jpg,0.388523
Tp_D_NRN_S_N_ani00096_ani00046_11138.jpg,-0.500637
Tp_D_NRN_S_N_ind00034_art00068_00449.tif,-0.034955
Tp_D_NRN_M_N_nat10138_nat00095_11940.jpg,0.583781
Tp_D_NNN_S_B_art20029_art20034_02336.tif,0.597281
Tp_D_CRN_S_N_ani00019_ani00055_11862.jpg,0.111400
Tp_D_NNN_M_N_sec00061_nat00097_11264.jpg,-0.590519
Tp_D_CRD_S_N_ind00029_ind00088_00444.tif,0.492999
Tp_D_NRN_S_N_cha10197_cha00062_12367.jpg,0.715363
Tp_D_NRN_S_N_cha00028_ani00068_10043.tif,0.433243
Tp_D_NRN_S_N_nat00002_ani00096_00622.tif,0.884259
Tp_D_NNN_M_B_arc00054_nat10136_11920.jpg,0.144421
Tp_D_NRN_S_N_ani10188_ani10200_12439.jpg,-0.314471
Tp_D_NRN_M_N_cha00094_ani10101_10047.tif,-0.399134
Tp_D_NRN_S_N_sec10115_pla00049_11534.jpg,0.132804
Tp_D_CRN_S_N_sec00097_txt00070_11317.jpg,0.153035
Tp_D_CRN_M_N_art00067_ani00095_11803.jpg,0.397382
Tp_D_NRN_S_B_nat00026_ani00070_00643.tif,-0.380697
Tp_D_NNN_S_N_cha00087_ani00069_00407.tif,0.469249
Tp_D_NRN_S_N_cha00070_cha00028_00390.tif,0.767369
Tp_D_NRN_S_N_ani00017_ani00010_00137.tif,0.904768
Tp_D_NRN_M_N_ani00038_ani00037_10037.tif,0.234942
Tp_D_NRN_M_N_nat10110_cha00052_11366.jpg,-0.284664
Tp_D_NRN_M_N_sec00069_art00028_11278.jpg,-0.336419
Tp_D_NRN_M_N_art10108_cha00070_11578.jpg,-0.233430
Tp_D_NRN_S_N_nat10145_ani00085_11989.jpg,-0.693993
Tp_D_NRN_S_N_nat00099_ani00078_10527.tif,-0.240640
Tp_D_NRN_S_N_sec00071_ind00094_11279.jpg,-0.198712
Tp_D_NNN_M_B_nat00086_nat00097_11284.jpg,-0.122452
Tp_D_NNN_M_N_nat10149_nat10156_12001.jpg,0.573983
Tp_D_NRN_S_N_ani10120_ani10119_11610.jpg,0.138236
Tp_D_NRN_M_N_ani00042_ani00043_11139.jpg,-0.220657
Tp_D_CRN_M_O_ani00065_ani00041_10036.tif,0.857397
Tp_D_CRN_M_N_ani10117_ani00100_11642.jpg,-0.421478
Tp_D_NNN_S_N_nat20019_nat20015_02219.tif,-0.239205
Tp_D_NRN_S_N_art00099_ani00100_01382.tif,-0.086668
Tp_D_NRN_M_N_nat10140_nat10139_11954.jpg,0.551020
Tp_D_NRD_M_B_arc20062_xxx00005_02482.tif,-0.207557
Tp_D_NRN_S_N_sec00095_ani00098_00712.tif,0.068671
Tp_D_NRN_M_N_nat00095_nat00083_10080.tif,0.714694
Tp_D_NRN_S_B_ani00021_ani00020_20015.jpg,0.654422
Tp_D_NRN_S_B_ani00093_ani00021_00213.tif,-0.255614
Tp_D_NRD_S_N_arc00020_sec00045_11701.jpg,0.517906
Tp_D_NRN_S_N_cha00011_ani00031_00331.tif,0.249417
Tp_D_CRN_S_N_pla00037_pla00038_10064.tif,-0.591586
Tp_D_NRN_S_N_arc00039_ani00005_00259.tif,-0.480548
Tp_D_NRN_M_O_sec00001_sec00007_10032.tif,-0.195904
Tp_D_NRN_M_B_arc00030_cha00028_20106.jpg,0.626933
Tp_D_NRN_S_B_cha00036_cha00070_11738.jpg,-0.016018
Tp_D_CNN_M_N_txt10109_txt10110_10816.jpg,-0.403525
Tp_D_NRN_S_N_cha00079_ani00068_00399.tif,-0.193070
Tp_D_NRN_S_B_cha00026_pla00009_00346.tif,0.158821
Tp_D_NRN_S_N_arc00022_ani00081_00242.tif,0.791504
Tp_D_NRN_M_O_ind00016_ind00017_10013.tif,-0.190893
Tp_D_NNN_S_B_ind00070_cha00089_00471.tif,0.689697
Tp_D_NRN_S_N_sec00049_sec00051_11245.jpg,0.691638
Tp_D_NRN_S_B_sec00088_cha00047_00108.tif,0.686123
Tp_D_NRN_S_N_ani10186_ani10189_12434.jpg,0.142787
Tp_D_NRN_S_N_art00096_art00092_11726.jpg,-0.026596
Tp_D_CRN_S_B_sec00004_ind00069_00024.tif,0.444318
Tp_D_NRN_M_B_sec00085_art00025_11457.jpg,0.218018
Tp_D_NNN_S_N_ani00010_ani00017_10215.tif,0.910633
Tp_D_NRN_M_N_cha10122_nat10124_12156.jpg,0.101865
Tp_D_NRN_M_N_art00014_art00013_10270.tif,0.410898
Tp_D_CRN_M_N_txt00063_txt00017_10835.jpg,-0.741832
Tp_D_CRN_M_N_arc00071_arc00045_10085.tif,0.521691
Tp_D_NRN_S_N_arc00015_ani00013_00235.tif,-0.159914
Tp_D_NRN_M_N_nat10110_cha00070_11373.jpg,-0.209864
Tp_D_NNN_M_N_art00023_nat00059_11875.jpg,-0.158704
Tp_D_NRN_S_N_cha00020_art10102_11181.jpg,0.361265
Tp_D_NRD_S_N_art00031_ani00058_00509.tif,0.326038
Tp_D_NNN_M_N_txt00066_txt00065_10122.tif,-0.684634
Tp_D_CNN_M_N_art00052_arc00030_11853.jpg,-0.295420
Tp_D_NNN_M_B_sec20045_arc20001_02127.tif,0.440489
Tp_D_NND_S_N_sec00060_sec00059_11270.jpg,0.088946
Tp_D_NRN_S_N_nat00033_ani00017_11507.jpg,-0.014271
Tp_D_NRD_M_B_sec20073_sec20080_02137.tif,-0.079334
Tp_D_CRN_M_N_ani10120_sec00098_11632.jpg,-0.466433
Tp_D_CNN_M_N_ani00057_ani00055_11149.jpg,0.235109
Tp_D_NRN_S_B_cha00023_cha00022_20075.jpg,0.399682
Tp_D_CRN_M_O_ani00030_ani00079_10003.tif,0.320682
Tp_D_NNN_M_B_nat00004_nat00097_11486.jpg,0.825604
Tp_D_NRN_M_N_nat10160_nat10159_12070.jpg,0.979184
Tp_D_NRN_S_N_nat20056_nat20054_01560.tif,0.899765
Tp_D_NNN_S_B_art00097_cha00047_01384.tif,-0.283024
Tp_D_NRN_S_B_cha00034_cha00040_00354.tif,0.238020
Tp_D_NRN_S_B_sec00094_cha00050_00114.tif,0.281783
Tp_D_NNN_S_N_ani10174_ani10173_12454.jpg,0.917654
Tp_D_NRN_M_N_cha10162_cha00067_12251.jpg,-0.133900
Tp_D_NNN_S_B_sec10001_arc00020_20006.jpg,0.153157
Tp_D_NRN_S_N_nat00040_art00025_11429.jpg,0.441929
Tp_D_NRN_M_N_nat10140_nat00097_11957.jpg,0.603549
Tp_D_NRN_S_N_nat00019_cha00021_20022.jpg,0.063834
Tp_D_CRN_S_N_nat00099_ani00017_10220.tif,-0.234697
Tp_D_CRN_M_N_art00012_art00013_11812.jpg,0.624441
Tp_D_NRN_S_N_art00027_ani00068_01214.tif,0.242303
Tp_D_CRN_M_N_ani00100_ani10101_10089.tif,0.414538
Tp_D_CRN_M_N_nat00084_nat00086_10073.tif,-0.031960
Tp_D_NRN_M_N_nat00099_art00096_11447.jpg,-0.451815
Tp_D_NNN_S_N_txt00093_txt00095_01299.tif,-0.088070
Tp_D_NRN_S_O_nat10153_ani00036_12134.jpg,0.614671
Tp_D_NRN_M_N_nat10137_nat00059_11936.jpg,0.824808
Tp_D_NRN_M_N_art10107_cha00067_11583.jpg,-0.042538
Tp_D_NNN_M_N_nat10124_nat00095_11350.jpg,0.959454
Tp_D_NRN_M_N_nat10157_cha00070_12042.jpg,0.923957
Tp_D_NRN_M_N_nat10106_nat00059_11351.jpg,-0.097966
Tp_D_NRN_M_N_nat10150_nat00060_12032.jpg,0.125042
Tp_D_NND_M_B_arc00097_arc00086_00317.tif,0.536886
